INSERT INTO SOCIAL_NETWORK_DB.accounts_tbl (ID, NAME, SURNAME, EMAIL)
VALUES (1, 'Andrey', 'Zakhryamin', 'azakhryamin@gmail.com');
;
INSERT INTO SOCIAL_NETWORK_DB.accounts_tbl (ID, NAME, SURNAME, EMAIL)
VALUES (2, 'Emin', 'Mamedov', 'emamedov@gmail.com');
;
INSERT INTO SOCIAL_NETWORK_DB.accounts_tbl (ID, NAME, SURNAME, EMAIL)
VALUES (3, 'Vitaly', 'Severin', 'vseverin@gmail.com');
;

INSERT INTO SOCIAL_NETWORK_DB.FRIENDS_TBL (ACCOUNT_ID, FRIEND_ID, STATUS, ACTING_ACCOUNT) VALUES (1, 2, 0, 2);
INSERT INTO SOCIAL_NETWORK_DB.FRIENDS_TBL (ACCOUNT_ID, FRIEND_ID, STATUS, ACTING_ACCOUNT) VALUES (1, 3, 0, 1);
INSERT INTO SOCIAL_NETWORK_DB.FRIENDS_TBL (ACCOUNT_ID, FRIEND_ID, STATUS, ACTING_ACCOUNT) VALUES (1, 4, 2, 4);
INSERT INTO SOCIAL_NETWORK_DB.FRIENDS_TBL (ACCOUNT_ID, FRIEND_ID, STATUS, ACTING_ACCOUNT) VALUES (1, 5, 1, 1);
INSERT INTO SOCIAL_NETWORK_DB.FRIENDS_TBL (ACCOUNT_ID, FRIEND_ID, STATUS, ACTING_ACCOUNT) VALUES (2, 3, 1, 2);
INSERT INTO SOCIAL_NETWORK_DB.FRIENDS_TBL (ACCOUNT_ID, FRIEND_ID, STATUS, ACTING_ACCOUNT) VALUES (2, 4, 1, 4);
INSERT INTO SOCIAL_NETWORK_DB.FRIENDS_TBL (ACCOUNT_ID, FRIEND_ID, STATUS, ACTING_ACCOUNT) VALUES (2, 5, 0, 2);
INSERT INTO SOCIAL_NETWORK_DB.FRIENDS_TBL (ACCOUNT_ID, FRIEND_ID, STATUS, ACTING_ACCOUNT) VALUES (3, 4, 0, 3);
INSERT INTO SOCIAL_NETWORK_DB.FRIENDS_TBL (ACCOUNT_ID, FRIEND_ID, STATUS, ACTING_ACCOUNT) VALUES (3, 5, 2, 5);
INSERT INTO SOCIAL_NETWORK_DB.FRIENDS_TBL (ACCOUNT_ID, FRIEND_ID, STATUS, ACTING_ACCOUNT) VALUES (4, 5, 1, 4);

INSERT INTO SOCIAL_NETWORK_DB.GROUPS_TBL(
  GROUP_NAME,
  CREATOR_ID
) VALUES(
  'getJavaJob Init',
  3);

INSERT INTO SOCIAL_NETWORK_DB.GROUPS_TBL(
  GROUP_NAME,
  CREATOR_ID,
  ADD_INFO
) VALUES(
  'getJavaJob Algo',
  3,
  'Целочисленная арифметика <br>
  Системы счисления и битовые операции <br>
  Логические операции <br>
  Строки, кодировки, Unicode, UTF-16 <br>
  Массивы <br>
  Рекурсия <br>
  Введение в ООП <br>
  Сложность алгоритмов <br>
  Структуры данных <br>
  Алгоритмы поиска и сортировки <br>
  SQL');
INSERT INTO SOCIAL_NETWORK_DB.GROUPS_TBL(
  GROUP_NAME,
  CREATOR_ID,
  ADD_INFO
) VALUES(
  'getJavaJob Web',
  2,
  'Java SE 7 (OOP, IO, Collections, Multithreading, Concurrency Utilities) <br>
  Servlet/JSP + JDBC <br>
  Spring MVC + JPA/Hibernate <br>
  JUnit <br>
  IntelliJIDEA, Git/Bitbucket, Maven, Tomcat, MySQL <br>
  Jira, agile практики');

INSERT INTO SOCIAL_NETWORK_DB.MEMBERS_TBL(GROUP_ID, MEMBER_ID) VALUES (1,3);
INSERT INTO SOCIAL_NETWORK_DB.MEMBERS_TBL(GROUP_ID, MEMBER_ID) VALUES (2,3);
INSERT INTO SOCIAL_NETWORK_DB.MEMBERS_TBL(GROUP_ID, MEMBER_ID) VALUES (3,2);
INSERT INTO SOCIAL_NETWORK_DB.MEMBERS_TBL(GROUP_ID, MEMBER_ID) VALUES (1,1);
INSERT INTO SOCIAL_NETWORK_DB.MEMBERS_TBL(GROUP_ID, MEMBER_ID) VALUES (2,1);
INSERT INTO SOCIAL_NETWORK_DB.MEMBERS_TBL(GROUP_ID, MEMBER_ID) VALUES (3,1);

INSERT INTO SOCIAL_NETWORK_DB.PHONES_TBL(ACCOUNT_ID, IS_PRIVATE, PHONE) VALUES(1,TRUE,'84959449022');
INSERT INTO SOCIAL_NETWORK_DB.PHONES_TBL(ACCOUNT_ID, IS_PRIVATE, PHONE) VALUES(1,TRUE,'84959449011');
INSERT INTO SOCIAL_NETWORK_DB.PHONES_TBL(ACCOUNT_ID, IS_PRIVATE, PHONE) VALUES(1,FALSE,'88002000600');
INSERT INTO SOCIAL_NETWORK_DB.PHONES_TBL(ACCOUNT_ID, IS_PRIVATE, PHONE) VALUES(2,FALSE,'89415008152');
INSERT INTO SOCIAL_NETWORK_DB.PHONES_TBL(ACCOUNT_ID, IS_PRIVATE, PHONE) VALUES(3,FALSE,'81234567890');
INSERT INTO SOCIAL_NETWORK_DB.PHONES_TBL(ACCOUNT_ID, IS_PRIVATE, PHONE) VALUES(3,TRUE,'80987654321');